text,label
Pay registration fee before interview,scam
WhatsApp interview urgent joining available,scam
Telegram interview no experience required,scam
Processing fee required to confirm offer,scam
Earn 50000 per week from home no interview,scam
Limited seats apply immediately via WhatsApp,scam
Security deposit refundable after joining,scam
Urgent joinee required contact on Telegram,scam
Guaranteed placement after payment,scam
Training fee mandatory before onboarding,scam
Apply through official careers portal,genuine
Software engineer opening on company website,genuine
Backend developer role at official careers page,genuine
Interview scheduled through company HR email,genuine
Apply on careers.airbnb.com,genuine
Data analyst role at company headquarters,genuine
Official recruitment process with technical interview,genuine
Careers page lists software engineer position,genuine
Recruiter email matches company domain,genuine
Graduate trainee role posted on official website,genuine